Name,Province,ID,Lat,Lon,Elevation
CAMROSE,AB,3011240,53.05,-112.82,739
CORONATION A,AB,3011880,52.07,-111.45,791
EDMONTON INTERNATIONAL CS,AB,3012206,53.32,-113.62,715
EDMONTON BLATCHFORD,AB,3012209,53.57,-113.52,671
EDMONTON NAMAO A,AB,3012210,53.67,-113.47,687
ELLERSLIE,AB,3012295,53.42,-113.55,693
ROCKY MTN HOUSE (AUT),AB,3015523,52.42,-114.92,988
VEGREVILLE,AB,3016GF0,53.52,-112.1,639
EDMONTON STONY PLAIN CS,AB,301A001,53.55,-114.12,766
DRUMHELLER EAST,AB,30221LG,51.45,-112.68,678
LACOMBE CDA 2,AB,3023722,52.45,-113.77,860
RED DEER REGIONAL A,AB,3025481,52.18,-113.88,904
BROOKS,AB,3030QLP,50.57,-111.85,747
CALGARY INT'L CS,AB,3031094,51.12,-114.0,1081
LETHBRIDGE CDA,AB,3033890,49.7,-112.77,910
MEDICINE HAT RCS,AB,3034485,50.03,-110.72,715
PINCHER CREEK A,AB,3035202,49.52,-114.0,1189
VAUXHALL CDA,AB,3036681,50.05,-112.13,778
MANYBERRIES CDA,AB,3044200,49.12,-110.47,934
JASPER,AB,3053520,52.88,-118.07,1062
KANANASKIS,AB,3053600,51.03,-115.03,1391
EDSON A,AB,3062244,53.58,-116.47,927
FORT MCMURRAY CS,AB,3062696,56.65,-111.22,368
MILDRED LAKE,AB,3064528,57.03,-111.57,310
SLAVE LAKE A,AB,3066001,55.3,-114.78,580
WHITECOURT A,AB,3067372,54.13,-115.78,782
BEAVERLODGE CDA,AB,3070560,55.2,-119.4,744
FORT CHIPEWYAN A,AB,3072658,58.77,-111.12,232
GRANDE PRAIRIE A,AB,3072920,55.18,-118.88,669
HIGH LEVEL A,AB,3073146,58.62,-117.17,338
PEACE RIVER A,AB,3075040,56.23,-117.45,570
WATINO,AB,3077246,55.72,-117.63,393
COLD LAKE A,AB,3081680,54.42,-110.28,541
LAKE COWICHAN,BC,1012055,48.83,-124.05,171
JORDAN RIVER DIVERSION,BC,1013754,48.5,-124.0,393
JORDAN RIVER GENERATING,BC,1013755,48.42,-124.05,4
NORTH COWICHAN,BC,1015628,48.82,-123.72,45
PORT RENFREW,BC,1016335,48.58,-124.33,10
SAANICH CAMOSUN COLLEGE,BC,1016941,48.5,-123.42,38
SATURNA CAPMON CS,BC,1017099,48.78,-123.13,178
VICTORIA UNIVERSITY CS,BC,1018598,48.47,-123.3,60
VICTORIA GONZALES CS,BC,1018611,48.42,-123.32,61
VICTORIA INTL A,BC,1018621,48.65,-123.43,19
VICTORIA MARINE,BC,1018642,48.37,-123.75,31
CAMPBELL RIVER A,BC,1021261,49.95,-125.27,108
CAMPBELL RIVER STP,BC,1021265,50.02,-125.23,3
COMOX A,BC,1021830,49.72,-124.9,25
COURTENAY PUNTLEDGE BCHP,BC,1021990,49.68,-125.03,24
NANAIMO A,BC,1025369,49.05,-123.87,28
NANAIMO CITY YARD,BC,10253G0,49.2,-123.98,114
PARKSVILLE SOUTH,BC,1025977,49.33,-124.3,0
NANAIMO DEPARTURE BAY,BC,1025C70,49.22,-123.95,7
PORT HARDY A,BC,1026270,50.68,-127.37,21
STRATHCONA DAM,BC,1027775,50.0,-125.58,201
AMPHITRITE POINT,BC,1030426,48.92,-125.53,26
CARNATION CREEK CDF,BC,1031413,48.9,-125.0,61
ESTEVAN POINT,BC,1032730,49.38,-126.53,5
PORT ALBERNI A,BC,1036206,49.25,-124.83,2
TOFINO A,BC,1038205,49.08,-125.77,24
CLOWHOM FALLS,BC,1041710,49.72,-123.53,22
DAISY LAKE DAM,BC,1042255,49.98,-123.13,381
GIBSONS,BC,1043150,49.4,-123.52,62
MERRY ISLAND LIGHTSTATION,BC,1045100,49.47,-123.92,7
PORT MELLON,BC,1046330,49.52,-123.48,7
POWELL RIVER A,BC,1046391,49.83,-124.5,129
SQUAMISH AIRPORT,BC,10476F0,49.78,-123.17,53
WHISTLER,BC,1048898,50.13,-122.95,657
LANGARA,BC,1054500,54.27,-133.07,42
MORESBY ISLAND MITCHELL INLET,BC,10551R8,52.93,-132.13,3
SANDSPIT A,BC,1057050,53.25,-131.82,6
BELLA COOLA A,BC,1060841,52.38,-126.6,35
BELLA COOLA BC HYDRO,BC,1060842,52.37,-126.82,13
KITIMAT,BC,1064288,54.05,-128.68,12
PRINCE RUPERT A,BC,1066481,54.28,-130.43,35
STEWART A,BC,1067742,55.93,-129.98,7
TERRACE A,BC,1068130,54.47,-128.58,217
TERRACE PCC,BC,1068131,54.5,-128.62,67
QUICK,BC,1076638,54.62,-126.9,533
SMITHERS A,BC,1077500,54.82,-127.18,521
LAJOIE DAM,BC,1084490,50.83,-122.87,685
PEMBERTON BCFS,BC,1086083,50.32,-122.82,218
SOUTHBANK,BC,1087600,54.03,-125.77,730
BURNS LAKE,BC,1091169,54.23,-125.77,704
FORT ST JAMES,BC,1092970,54.47,-124.28,691
FORT ST JAMES A,BC,1092972,54.42,-124.25,716
HORSEFLY BCFS,BC,1093599,52.33,-121.42,784
KERSLEY,BC,1094125,52.82,-122.37,670
MCBRIDE ELDER CREEK,BC,1094948,53.42,-120.35,733
MCBRIDE NORTH,BC,1094955,53.37,-120.25,771
PRINCE GEORGE A,BC,1096450,53.88,-122.68,691
WILLIAMS LAKE A,BC,1098940,52.18,-122.05,939
ABBOTSFORD A,BC,1100030,49.03,-122.37,59
AGASSIZ RCS,BC,1100119,49.23,-121.77,19
ALOUETTE LAKE,BC,1100360,49.28,-122.48,117
BUNTZEN LAKE,BC,1101140,49.38,-122.87,10
CHILLIWACK MICROWAVE,BC,1101562,49.12,-121.9,228
COQUITLAM LAKE,BC,1101890,49.37,-122.8,160
HANEY MICROWAVE,BC,1103328,49.2,-122.52,320
HANEY UBC RF ADMIN,BC,1103332,49.27,-122.57,147
HUNTINGDON VYE ROAD,BC,1103636,49.03,-122.2,25
LADNER BCHPA,BC,1104473,49.08,-123.05,1
LANGLEY LOCHIEL,BC,1104555,49.05,-122.58,100
MISSION WEST ABBEY,BC,1105192,49.15,-122.27,197
N VANCOUVER LYNN CREEK,BC,1105660,49.37,-123.03,190
PITT POLDER,BC,1106180,49.27,-122.63,5
PORT COQUITLAM CITY YARD,BC,1106256,49.27,-122.78,6
PORT MOODY GLENAYRE,BC,1106CL2,49.28,-122.88,129
SURREY KWANTLEN PARK,BC,1107873,49.18,-122.87,78
SURREY MUNICIPAL HALL,BC,1107876,49.12,-122.83,76
VANCOUVER INTL A,BC,1108395,49.18,-123.18,4
VANCOUVER HARBOUR CS,BC,1108446,49.3,-123.12,2
VANCOUVER KITSILANO,BC,1108453,49.27,-123.17,12
VANCOUVER UBC,BC,1108487,49.25,-123.25,76
WHITE ROCK STP,BC,1108914,49.02,-122.78,13
PITT MEADOWS STP,BC,110FAG9,49.22,-122.68,4
BURNABY MTN BCHPA,BC,110JA54,49.28,-122.92,464
N VANC SONORA DR,BC,110N6FF,49.37,-123.1,182
HELLS GATE,BC,1113420,49.78,-121.45,121
HOPE A,BC,1113540,49.37,-121.5,39
LILLOOET SETON BCHPA,BC,1114627,50.67,-121.92,198
LYTTON,BC,1114741,50.23,-121.58,229
SHALALTH,BC,1117215,50.73,-122.23,243
KELOWNA A,BC,1123970,49.97,-119.38,429
KELOWNA PC BURNETTS NURSERY,BC,1123992,49.87,-119.48,349
OLIVER STP,BC,1125766,49.18,-119.53,297
PENTICTON A,BC,1126150,49.47,-119.6,344
PRINCETON A,BC,1126510,49.47,-120.52,701
VERNON,BC,1128551,50.23,-119.28,556
SUMMERLAND CS,BC,112G8L1,49.57,-119.65,454
CASTLEGAR A,BC,1141455,49.3,-117.63,495
CASTLEGAR BCHPA DAM,BC,1141457,49.33,-117.77,435
CRESTON WPCC,BC,1142164,49.1,-116.53,538
DUNCAN LAKE DAM,BC,1142574,50.23,-116.97,548
FAUQUIER,BC,1142820,49.87,-118.07,490
TRAIL BIRCHBANK,BC,1148211,49.2,-117.73,594
CRANBROOK A,BC,1152102,49.62,-115.78,940
KIMBERLEY PCC,BC,1154203,49.63,-115.97,889
SPARWOOD,BC,1157630,49.75,-114.88,1137
BLUE RIVER A,BC,1160899,52.13,-119.28,690
KAMLOOPS A,BC,1163780,50.7,-120.43,345
SALMON ARM A,BC,1166R45,50.68,-119.23,527
GOLDEN A,BC,1173210,51.3,-116.98,784
MICA DAM,BC,1175122,52.05,-118.58,579
REVELSTOKE AIRPORT RD,BC,1176751,50.95,-118.17,450
VALEMOUNT NORTH,BC,1178CL9,52.85,-119.25,891
YOHO PARK,BC,11790J1,51.43,-116.33,1602
YOHO NAT PARK BOULDER CR,BC,117R00F,51.38,-116.53,1219
CHETWYND A,BC,1181508,55.68,-121.63,609
DAWSON CREEK A,BC,1182285,55.73,-120.18,654
FORT ST JOHN A,BC,1183000,56.23,-120.73,694
GERMANSEN LANDING,BC,1183090,55.78,-124.7,766
HUDSON HOPE BCHPA DAM,BC,1183FL0,56.02,-122.2,678
MACKENZIE A,BC,1184790,55.32,-123.13,690
SIKANNI CHIEF,BC,1187335,57.25,-122.72,937
WARE,BC,1188696,57.43,-125.63,777
DEASE LAKE,BC,1192340,58.43,-130.02,806
FORT NELSON A,BC,1192940,58.83,-122.6,381
MUNCHO LAKE,BC,1195250,58.93,-125.77,836
TETSA RIVER,BC,1195J29,58.65,-124.23,810
ATLIN,BC,1200560,59.57,-133.7,673
PLEASANT CAMP,BC,1206197,59.45,-136.37,274
TELEGRAPH CREEK,BC,1208041,57.9,-131.33,249
TODAGIN RANCH,BC,1208202,57.6,-130.07,899
BRANDON RCS,MB,5010490,49.9,-99.95,409
PORTAGE SOUTHPORT,MB,5012324,49.9,-98.28,272
DEERWOOD RCS,MB,5020725,49.4,-98.32,341
GLENLEA,MB,5021054,49.65,-97.12,234
MIAMI THIESSEN,MB,5021737,49.45,-98.25,297
MORDEN CDA CS,MB,5021849,49.18,-98.08,297
PILOT MOUND (AUT),MB,5022125,49.18,-98.9,470
ST ANDREWS A,MB,50225DP,50.05,-97.03,231
WINNIPEG STP,MB,5023261,49.95,-97.1,232
WINNIPEG THE FORKS,MB,5023262,49.88,-97.13,230
WINNIPEG A CS,MB,502S001,49.92,-97.25,238
BERENS RIVER A,MB,5030202,52.37,-97.02,222
BISSETT,MB,5030282,51.03,-95.7,259
GIMLI,MB,5031038,50.63,-97.02,222
GRAND RAPIDS HYDRO,MB,5031111,53.17,-99.28,222
INDIAN BAY,MB,5031320,49.62,-95.2,326
DAUPHIN CS,MB,5040681,51.1,-100.07,304
NEEPAWA WATER,MB,5042005,50.22,-99.47,358
FLIN FLON,MB,5050919,54.68,-101.68,303
THE PAS CLIMATE,MB,5052890,53.97,-101.1,274
CHURCHILL CLIMATE,MB,5060608,58.73,-94.07,28
GILLAM,MB,5060999,56.37,-94.7,145
ISLAND LAKE A,MB,5061376,53.85,-94.65,235
LYNN LAKE A,MB,5061646,56.87,-101.08,356
THOMPSON A,MB,5062921,55.8,-97.87,224
NORWAY HOUSE FORESTRY,MB,506B0M7,54.0,-97.8,217
BEECHWOOD,NB,8100512,46.53,-67.67,91
BELLEDUNE,NB,8100514,47.9,-65.83,7
BOUCTOUCHE CDA CS,NB,8100593,46.43,-64.77,35
CHARLO AUTO,NB,8100885,47.98,-66.33,42
MIRAMICHI RCS,NB,8100989,47.02,-65.47,33
EDMUNDSTON,NB,8101303,47.42,-68.32,154
FREDERICTON A,NB,8101500,45.87,-66.53,20
FREDERICTON CDA CS,NB,8101605,45.92,-66.62,35
MONCTON INTL A,NB,8103201,46.12,-64.68,70
ROYAL ROAD,NB,8104480,46.05,-66.72,115
ROYAL ROAD WEST,NB,8104482,46.08,-66.73,160
SAINT JOHN,NB,8104800,45.28,-66.08,30
SAINT JOHN A,NB,8104900,45.32,-65.88,108
ST LEONARD A,NB,8104928,47.17,-67.83,242
SUMMIT DEPOT,NB,8105100,47.78,-68.33,411
ARGENTIA (AUT),NL,8400104,47.28,-53.98,19
BURGEO NL,NL,8400801,47.62,-57.62,10
COMFORT COVE,NL,8401259,49.27,-54.88,99
DANIELS HARBOUR,NL,8401400,50.23,-57.58,19
DEER LAKE A,NL,8401501,49.22,-57.4,21
GANDER AIRPORT CS,NL,8401705,48.95,-54.57,151
LA SCIE,NL,8402520,49.92,-55.67,194
PORT AUX BASQUES,NL,8402975,47.57,-59.15,39
ST ALBANS,NL,8403290,47.87,-55.85,13
ST ANTHONY,NL,8403401,51.37,-55.6,11
ST JOHN'S A,NL,8403506,47.62,-52.73,140
ST LAWRENCE,NL,8403619,46.92,-55.38,48
STEPHENVILLE RCS,NL,8403820,48.57,-58.57,58
TWILLINGATE (AUT),NL,8404025,49.68,-54.8,92
BATTLE HARBOUR LOR,NL,8500398,52.25,-55.6,9
CHURCHILL FALLS A,NL,8501132,53.55,-64.1,439
GOOSE A,NL,8501900,53.32,-60.42,48
MARY'S HARBOUR A,NL,8502591,52.3,-55.83,10
NAIN,NL,8502799,56.55,-61.68,7
WABUSH LAKE A,NL,8504175,52.93,-66.87,551
CARIBOU POINT (AUT),NS,8200774,45.77,-62.68,2
EDDY POINT,NS,8201716,45.52,-61.25,66
GREENWOOD A,NS,8202000,44.98,-64.92,28
HALIFAX,NS,8202200,44.65,-63.57,31
HALIFAX INTL A,NS,8202251,44.88,-63.52,145
INGONISH BEACH,NS,8202500,46.65,-60.4,7
KENTVILLE CDA CS,NS,8202810,45.07,-64.48,48
NAPPAN AUTO,NS,8203702,45.77,-64.23,19
SABLE ISLAND,NS,8204700,43.93,-60.02,5
SHARPE BROOK IHD,NS,8205085,45.02,-64.63,137
SHEARWATER RCS,NS,8205092,44.63,-63.52,24
SHELBURNE,NS,8205126,43.72,-65.25,29
SYDNEY CS,NS,8205702,46.17,-60.03,62
TRURO,NS,8205990,45.37,-63.27,39
WESTERN HEAD,NS,8206240,43.98,-64.67,10
YARMOUTH A,NS,8206495,43.83,-66.08,42
FORT RELIANCE,NT,2201900,62.72,-109.17,165
FORT SIMPSON CLIMATE,NT,2202102,61.77,-121.23,168
FORT SMITH CLIMATE,NT,2202202,60.03,-111.93,203
HAY RIVER A,NT,2202401,60.83,-115.78,164
HAY RIVER CLIMATE,NT,2202402,60.83,-115.78,164
INUVIK CLIMATE,NT,2202578,68.32,-133.52,103
NORMAN WELLS A,NT,2202801,65.28,-126.8,72
NORMAN WELLS CLIMATE,NT,2202810,65.28,-126.75,93
PAULATUK,NT,2203058,69.37,-124.08,6
TUNGSTEN,NT,2203922,61.95,-128.25,1143
YELLOWKNIFE A,NT,2204100,62.47,-114.43,205
HOLMAN CS,NT,2502505,70.77,-117.8,29
SACHS HARBOUR CLIMATE,NT,2503648,71.98,-125.25,87
BAKER LAKE A,NU,2300500,64.3,-96.08,18
BAKER LAKE CLIMATE,NU,2300501,64.32,-96.0,50
KUGLUKTUK CLIMATE,NU,2300904,67.82,-115.13,22
CORAL HARBOUR A,NU,2301000,64.18,-83.37,62
ARVIAT CLIMATE,NU,2301153,61.1,-94.07,9
GJOA HAVEN CLIMATE,NU,2302340,68.63,-95.85,42
KUGAARUK CLIMATE,NU,2303094,68.53,-89.8,15
RANKIN INLET A,NU,2303401,62.82,-92.12,32
CAMBRIDGE BAY A,NU,2400600,69.12,-105.13,31
CAPE DORSET CLIMATE,NU,2400636,64.23,-76.53,50
CLYDE A,NU,2400800,70.48,-68.52,26
HALL BEACH A,NU,2402350,68.78,-81.23,9
IQALUIT CLIMATE,NU,2402592,63.75,-68.53,33
POND INLET A,NU,2403201,72.68,-77.97,61
BIG TROUT LAKE,ON,6010738,53.83,-89.87,224
EAR FALLS (AUT),ON,6012199,50.63,-93.22,362
LANSDOWNE HOUSE (AUT),ON,6014353,52.2,-87.93,253
PICKLE LAKE (AUT),ON,6016525,51.45,-90.22,390
RED LAKE A,ON,6016975,51.07,-93.78,385
ATIKOKAN (AUT),ON,6020LPQ,48.77,-91.63,389
KENORA RCS,ON,6034073,49.78,-94.38,412
RAWSON LAKE (AUT),ON,6036907,49.67,-93.73,435
SIOUX LOOKOUT A,ON,6037775,50.12,-91.9,383
ARMSTRONG (AUT),ON,6040325,50.28,-88.92,322
CAMERON FALLS (AUT),ON,6041110,49.15,-88.33,232
CARIBOU ISLAND,ON,6041221,47.33,-85.83,186
GERALDTON A,ON,6042716,49.78,-86.93,348
PUKASKWA NATL PARK,ON,6046770,48.6,-86.3,192
SLATE ISLAND,ON,6047810,48.62,-87.0,185
THUNDER BAY CS,ON,6048268,48.37,-89.33,199
ELLIOT LAKE A,ON,6052259,46.35,-82.57,331
MISSISSAGI ONT HYDRO,ON,6055210,46.43,-83.38,225
RAYNER,ON,6056907,46.33,-83.5,243
SAULT STE MARIE A,ON,6057592,46.48,-84.52,192
WAWA (AUT),ON,6059408,47.97,-84.78,287
WHITE RIVER,ON,6059475,48.6,-85.28,378
CHAPLEAU A,ON,6061361,47.82,-83.35,448
SUDBURY A,ON,6068150,46.63,-80.8,348
SUDBURY SCIENCE NORTH,ON,6068158,46.47,-81.0,263
DYMOND ONT HYDRO,ON,6072183,47.52,-79.68,198
KAPUSKASING CDA ON,ON,6073980,49.42,-82.43,218
KIRKLAND LAKE CS,ON,6074211,48.15,-80.0,324
MOOSONEE RCS,ON,6075435,51.28,-80.62,9
PINARD,ON,6076540,49.85,-81.6,231
TIMMINS VICTOR POWER A,ON,6078285,48.57,-81.38,294
UPPER NOTCH,ON,6079068,47.25,-79.58,240
LA CAVE,ON,6084278,46.37,-78.73,172
LAKE TRAVERSE,ON,6084307,45.95,-78.07,236
NORTH BAY A,ON,6085700,46.37,-79.42,370
GREAT DUCK ISLAND,ON,6093004,45.65,-82.97,182
BARK LAKE DAM,ON,6100493,45.42,-77.8,335
BROCKVILLE PCC,ON,6100971,44.6,-75.67,96
COMBERMERE,ON,6101820,45.37,-77.62,286
CORNWALL,ON,6101874,45.02,-74.75,64
CORNWALL ONT HYDRO,ON,6101901,45.03,-74.8,76
KEMPTVILLE CS,ON,6104027,45.0,-75.63,99
KINGSTON CLIMATE,ON,6104142,44.22,-76.6,93
KINGSTON PUMPING STATION,ON,6104175,44.23,-76.48,76
OTTAWA CDA RCS,ON,6105978,45.38,-75.72,79
OTTAWA MACDONALD-CARTIER INT'L A,ON,6106000,45.32,-75.67,114
PETAWAWA NAT FORESTRY,ON,6106400,45.98,-77.43,183
SMITHS FALLS TS,ON,6107836,44.88,-76.0,114
BARRIE WPCC,ON,6110557,44.38,-79.68,221
BEAUSOLEIL,ON,6110617,44.85,-79.87,183
COLLINGWOOD,ON,6111792,44.5,-80.22,179
DORSET MOE,ON,6112072,45.22,-78.93,323
ORILLIA BRAIN,ON,6115811,44.6,-79.43,250
OWEN SOUND MOE,ON,6116132,44.58,-80.93,178
PARRY SOUND CCG,ON,6116257,45.33,-80.03,176
RAGGED RAPIDS,ON,6116843,45.02,-79.68,228
BARRIE-ORO,ON,6117700,44.48,-79.55,289
UTTERSON ONT HYDRO,ON,6119115,45.2,-79.35,297
WIARTON A,ON,6119500,44.75,-81.12,222
EGBERT CS,ON,611E001,44.23,-79.78,251
COVE ISLAND,ON,6121912,45.33,-81.73,179
CYPRUS LAKE CS,ON,6121940,45.23,-81.53,190
GODERICH,ON,6122847,43.77,-81.72,213
SARNIA CLIMATE,ON,6127519,43.0,-82.3,181
CHATHAM WPCP,ON,6131415,42.38,-82.22,180
DELHI CS,ON,6131983,42.87,-80.55,231
HARROW CDA AUTO,ON,6133362,42.03,-82.9,191
LONG POINT,ON,6134610,42.55,-80.05,175
NIAGARA FALLS,ON,6135638,43.13,-79.08,182
PORT COLBORNE,ON,6136606,42.88,-79.25,175
PORT WELLER (AUT),ON,6136699,43.25,-79.22,79
RIDGETOWN RCS,ON,6137154,42.45,-81.88,205
ST CATHARINES A,ON,6137287,43.2,-79.17,97
ST THOMAS WPCP,ON,6137362,42.77,-81.22,209
SIMCOE,ON,6137730,42.85,-80.27,240
VINELAND STATION RCS,ON,6139148,43.18,-79.4,79
WELLAND-PELHAM,ON,6139449,42.97,-79.33,178
WINDSOR A,ON,6139525,42.28,-82.97,189
WINDSOR UNIVERSITY,ON,6139538,42.3,-83.07,179
POINT PELEE CS,ON,613P001,41.95,-82.52,176
BLUE SPRINGS CREEK,ON,6140818,43.63,-80.12,373
BRANTFORD MOE,ON,6140954,43.13,-80.23,196
CAMBRIDGE GALT MOE,ON,6141095,43.33,-80.32,268
ELORA RCS,ON,6142286,43.65,-80.42,376
FERGUS SHAND DAM,ON,6142400,43.73,-80.33,417
GLEN ALLAN,ON,6142803,43.68,-80.72,400
GRAND VALLEY WPCP,ON,6142991,43.88,-80.33,464
GUELPH SMALLFIELD FARM,ON,6143087,43.53,-80.3,344
GUELPH TURFGRASS,ON,6143089,43.55,-80.22,325
KITCHENER CITY ENG 2,ON,6144241,43.45,-80.48,320
LONDON CS,ON,6144478,43.03,-81.15,278
MOUNT FOREST (AUT),ON,6145504,43.98,-80.75,414
PRESTON WPCP,ON,6146714,43.38,-80.35,272
PROSPECT HILL,ON,6146745,43.22,-81.23,312
STRATFORD WWTP,ON,6148105,43.37,-81.0,345
WATERLOO WELLINGTON A,ON,6149387,43.45,-80.38,317
WOODSTOCK,ON,6149625,43.13,-80.77,281
BELLEVILLE,ON,6150689,44.15,-77.38,76
BOWMANVILLE MOSTERT,ON,6150830,43.92,-78.67,99
BURKETON MCLAUGHLIN,ON,6151042,44.03,-78.8,312
BURLINGTON FIRE HQ'S,ON,6151059,43.35,-79.82,114
CAMPBELLFORD,ON,6151137,44.3,-77.8,146
COBOURG (AUT),ON,6151684,43.95,-78.17,77
GREENWOOD MTRCA,ON,6153020,43.9,-79.07,128
HAMILTON A,ON,6153194,43.17,-79.93,237
HAMILTON RBG CS,ON,6153301,43.28,-79.92,102
HEART LAKE,ON,6153410,43.73,-79.78,259
MAIN DUCK ISLAND,ON,6154820,43.93,-76.63,75
MAPLE,ON,6154950,43.87,-79.48,244
MILTON KELSO,ON,6155187,43.5,-79.95,243
OAK RIDGES,ON,6155722,43.97,-79.47,321
ORANGEVILLE MOE,ON,6155790,43.92,-80.08,411
OSHAWA WPCP,ON,6155878,43.87,-78.83,83
PICTON,ON,6156533,44.02,-77.13,76
SMITHFIELD CDA,ON,6157831,44.08,-77.67,119
STOUFFVILLE WPCP,ON,6158084,43.97,-79.25,266
TORONTO CITY,ON,6158355,43.67,-79.4,112
TORONTO BOOTH,ON,6158406,43.65,-79.35,77
TORONTO ELLESMERE,ON,6158520,43.77,-79.27,164
TORONTO ETOBICOKE,ON,6158525,43.63,-79.53,118
TORONTO GREENWOOD,ON,6158575,43.67,-79.32,99
TORONTO ISLAND A,ON,6158665,43.63,-79.38,76
TORONTO INTL A,ON,6158731,43.68,-79.63,173
TORONTO LESLIE EGLINTON,ON,6158732,43.72,-79.35,133
TORONTO MET RES STN,ON,6158740,43.8,-79.55,193
TORONTO OLD WESTON RD,ON,6158764,43.65,-79.47,121
TORONTO SENECA HILL,ON,61587PG,43.78,-79.35,189
TRENTON A,ON,6158875,44.12,-77.53,86
TWEED,ON,6159010,44.5,-77.28,144
WILCOX LAKE,ON,6159510,43.95,-79.43,289
TORONTO YORK MILLS,ON,615HHDF,43.75,-79.38,153
TORONTO BUTTONVILLE A,ON,615HMAK,43.87,-79.37,198
OAKVILLE SOUTHEAST WPCP,ON,615N745,43.48,-79.63,86
TORONTO NORTH YORK,ON,615S001,43.78,-79.47,187
HALIBURTON 3,ON,6163171,45.03,-78.53,330
LINDSAY FILTRATION PLANT,ON,6164432,44.35,-78.73,251
PETERBOROUGH A,ON,6166418,44.23,-78.37,191
PETERBOROUGH STP,ON,6166450,44.28,-78.32,192
PETERBOROUGH TRENT U,ON,6166456,44.35,-78.3,216
WEST GUILFORD,ON,6169453,45.1,-78.68,327
CHARLOTTETOWN A,PE,8300301,46.28,-63.12,48
SUMMERSIDE,PE,8300596,46.43,-63.83,12
HARRINGTON CDA CS,PE,830P001,46.33,-63.17,53
BEAUPORT,QC,7010565,46.83,-71.2,10
CHARLESBOURG PARC ORLEAN,QC,7011309,46.87,-71.27,114
DESCHAMBAULT,QC,7011982,46.67,-71.92,15
DUBERGER,QC,7012232,46.82,-71.3,15
DUCHESNAY,QC,7012240,46.87,-71.65,166
JOLIETTE VILLE,QC,7013362,46.02,-73.43,56
L'ASSOMPTION,QC,7014160,45.82,-73.43,21
OKA,QC,7015730,45.5,-74.07,91
QUEBEC,QC,7016280,46.8,-71.22,90
ST ALBAN,QC,7016800,46.72,-72.08,76
ST AUGUSTIN,QC,7016900,46.73,-71.5,57
STE BEATRIX,QC,7016902,46.2,-73.6,198
ST BENOIT,QC,7016906,45.57,-74.05,53
STE CATHERINE,QC,7016932,46.85,-71.62,152
ST DONAT,QC,7017100,46.32,-74.2,388
STE FOY MATAPEDIA,QC,7017B65,46.75,-71.28,45
STE FOY (PIE XII),QC,7017BFN,46.78,-71.32,79
SHAWINIGAN,QC,7018001,46.57,-72.73,110
COURVILLE DE POISSY,QC,701A9E0,46.88,-71.17,114
TROIS RIVIERES AQUEDUC,QC,701HE63,46.38,-72.62,54
QUEBEC JEAN LESAGE INTL,QC,701S001,46.8,-71.38,60
ARTHABASKA,QC,7020305,46.02,-71.95,140
ASBESTOS,QC,7020360,45.77,-71.95,228
BROME,QC,7020840,45.18,-72.57,205
CHARTIERVILLE,QC,7021320,45.28,-71.2,518
DANVILLE,QC,7021954,45.82,-71.98,190
DRUMMONDVILLE,QC,7022160,45.88,-72.48,82
FORTIERVILLE,QC,7022494,46.48,-72.05,53
GEORGEVILLE,QC,7022720,45.13,-72.23,266
GRANBY,QC,7022800,45.38,-72.72,175
ISLAND BROOK,QC,7023312,45.38,-71.47,345
LAC MEGANTIC 2,QC,7023677,45.6,-70.87,426
LAUZON,QC,7024254,46.82,-71.1,69
LENNOXVILLE,QC,7024280,45.37,-71.82,181
LINGWICK,QC,7024320,45.63,-71.37,266
MAPLE LEAF EAST,QC,7024624,45.33,-71.4,444
MONT MEGANTIC,QC,7025212,45.45,-71.15,1111
MONTREAL JAR BOT,QC,7025257,45.57,-73.55,45
MONTREAL JEAN BREBEUF,QC,7025260,45.5,-73.62,132
MONTREAL LAFONTAINE,QC,7025267,45.52,-73.57,41
MONTREAL MCGILL,QC,7025280,45.5,-73.58,56
NICOLET,QC,7025440,46.2,-72.62,30
ORMSTOWN,QC,7025745,45.12,-74.05,45
STE ANNE DE BELLEVUE,QC,7026839,45.43,-73.93,39
STE CLOTHILDE CDA,QC,7027040,45.17,-73.68,56
STE DOROTHEE,QC,7027110,45.52,-73.78,23
STE EDWIDGE,QC,7027120,45.2,-71.68,381
ST EPHREM,QC,7027200,46.07,-70.97,312
ST FERDINAND,QC,7027248,46.1,-71.58,297
ST FLAVIEN,QC,7027259,46.48,-71.57,137
ST GEORGES,QC,7027283,46.15,-70.7,167
ST GUILLAUME,QC,7027302,45.88,-72.77,43
MONTREAL ST-HUBERT A,QC,7027320,45.52,-73.42,27
ST ISIDORE D'AUCKLAND,QC,7027372,45.27,-71.52,393
STE MADELEINE,QC,7027517,45.62,-73.13,30
ST PIERRE DE BROUGHTON,QC,7027656,46.25,-71.22,365
ST SEBASTIEN,QC,7027725,45.77,-70.95,442
ST THEOPHILE,QC,7027750,45.93,-70.48,395
ST ZACHARIE,QC,7027785,46.12,-70.38,480
SAWYERVILLE NORD,QC,7027802,45.37,-71.53,345
SHERBROOKE,QC,7028120,45.4,-71.9,181
SHERBROOKE A,QC,7028124,45.43,-71.68,241
THETFORD MINES,QC,7028441,46.1,-71.35,381
VALLEE JONCTION,QC,7028676,46.38,-70.93,152
VALLEYFIELD,QC,7028680,45.28,-74.1,45
BEAUCEVILLE,QC,7028754,46.2,-70.78,229
WEST DITTON,QC,7028906,45.4,-71.3,512
WOBURN,QC,7028946,45.38,-70.87,396
L'ACADIE,QC,702LED4,45.28,-73.35,43
MONTREAL PIERRE ELLIOTT TRUDEAU INTL,QC,702S006,45.47,-73.73,32
ANGERS,QC,7030170,45.55,-75.55,91
BARRAGE MERCIER,QC,7030457,46.72,-75.98,236
CHENEVILLE,QC,7031375,45.9,-75.08,222
MANIWAKI UA,QC,7034480,46.3,-76.02,188
MONTREAL MIRABEL INT'L A,QC,7035290,45.67,-74.03,82
NOMININGUE,QC,7035520,46.4,-75.08,274
STE AGATHE DES MONTS,QC,7036762,46.05,-74.28,394
ST JEROME,QC,7037400,45.8,-74.05,169
SHAWVILLE,QC,7038040,45.62,-76.47,167
BAIE-COMEAU A,QC,7040440,49.13,-68.2,21
BAIE ST PAUL,QC,7040446,47.42,-70.5,32
LOURDES DE BLANC SABLON A,QC,7040813,51.45,-57.18,37
CAP TOURMENTE,QC,7041177,47.07,-70.78,6
CHARLEVOIX (MRC),QC,7041312,47.28,-70.63,722
FORESTVILLE,QC,7042378,48.73,-69.08,76
FORET MONTMORENCY RCS,QC,7042395,47.32,-71.15,672
GAGNON A,QC,7042590,51.95,-68.13,567
GRAND FONDS,QC,7042870,47.75,-70.12,365
HAVRE-SAINT-PIERRE A,QC,7043018,50.28,-63.6,37
NATASHQUAN A,QC,7045400,50.18,-61.82,10
PENTECOTE,QC,7045910,49.73,-67.17,15
SEPT-ILES,QC,7047914,50.22,-66.25,52
BAIE-COMEAU,QC,704S001,49.27,-68.15,129
CAP MADELEINE,QC,7051160,49.23,-65.32,2
CAP SEIZE,QC,7051175,49.02,-66.4,229
GASPE A,QC,7052601,48.78,-64.48,34
GRANDE RIVIERE,QC,7052820,48.38,-64.53,8
LAC HUMQUI,QC,7053649,48.28,-67.57,235
LA POCATIERE CDA,QC,7054095,47.35,-70.03,30
MATANE,QC,7054640,48.85,-67.47,30
MONT JOLI A,QC,7055121,48.62,-68.22,52
MURDOCHVILLE,QC,7055380,48.95,-65.52,574
NOTRE DAME DU LAC,QC,7055675,47.6,-68.8,320
NOUVELLE,QC,7055705,48.1,-66.3,7
RIMOUSKI,QC,7056480,48.45,-68.52,35
RIVIERE AU RENARD,QC,7056563,49.02,-64.4,40
RIVIERE DU LOUP,QC,7056615,47.8,-69.55,148
ST ALEXIS DE MATAPEDIA,QC,7056814,47.98,-67.07,274
ST BRUNO KAMOURASKA,QC,7056922,47.45,-69.78,198
ST CHARLES GARNIER,QC,7056970,48.33,-68.05,323
STE GERMAINE,QC,7057287,46.42,-70.47,510
ST JEAN DE CHERBOURG,QC,7057395,48.88,-67.12,350
ST MALACHIE,QC,7057518,46.55,-70.82,221
ST MODESTE,QC,7057574,47.85,-69.38,152
ILES DE LA MADELEINE A,QC,705C2G9,47.42,-61.78,10
BAGOTVILLE A,QC,7060400,48.33,-71.0,159
JONQUIERE,QC,7063370,48.43,-71.13,135
LAC STE CROIX,QC,7063690,48.42,-71.75,152
MONT APICA,QC,7065100,47.97,-71.42,548
NORMANDIN CDA,QC,7065640,48.85,-72.53,137
PORTAGE DES ROCHES,QC,7066080,48.3,-71.22,164
ROBERVAL A,QC,7066685,48.52,-72.27,178
ST COEUR DE MARIE,QC,7067060,48.63,-71.72,106
LA BAIE,QC,706Q001,48.3,-70.92,151
GRANDE ANSE,QC,7072816,47.1,-72.93,119
LA TUQUE,QC,7074240,47.4,-72.78,152
ST MICHEL DES SAINTS,QC,7077570,46.68,-73.92,350
BARRAGE ANGLIERS,QC,7080452,47.55,-79.23,266
BARRAGE TEMISCAMINGUE,QC,7080468,46.72,-79.1,181
AMOS,QC,7090120,48.57,-78.13,310
CHIBOUGAMAU CHAPAIS A,QC,7091404,49.77,-74.53,387
LA GRANDE RIVIERE A,QC,7093716,53.63,-77.7,194
LA SARRE,QC,7094120,48.78,-79.22,244
MATAGAMI A,QC,7094639,49.77,-77.82,281
NITCHEQUON,QC,7095480,53.2,-70.9,536
RIVIERE HEVA,QC,7096621,48.2,-78.13,305
VAL-D'OR A,QC,7098600,48.07,-77.78,337
INUKJUAK UA,QC,7103282,58.47,-78.08,24
KUUJJUARAPIK A,QC,7103536,55.28,-77.75,12
KUUJJUAQ A,QC,7113534,58.1,-68.42,39
QUAQTAQ,QC,7116270,61.05,-69.63,30
SCHEFFERVILLE A,QC,7117825,54.8,-66.82,521
BROADVIEW,SK,4010879,50.37,-102.57,599
DAVIN 5,SK,4012164,50.37,-104.17,655
ESTEVAN,SK,4012410,49.22,-102.97,580
INDIAN HEAD CDA,SK,4013480,50.55,-103.65,579
INDIAN HEAD PFRA,SK,4013490,50.5,-103.68,604
MOOSE JAW CS,SK,4015322,50.33,-105.53,577
ORMISTON,SK,4015680,49.72,-105.37,685
REGINA INT'L A,SK,4016560,50.43,-104.67,577
WYNYARD,SK,4019035,51.77,-104.2,560
YORKTON A,SK,4019080,51.27,-102.47,498
WEYBURN,SK,401HP5R,49.7,-103.8,588
SWIFT CURRENT A,SK,4028040,50.3,-107.68,816
SWIFT CURRENT CDA,SK,4028060,50.27,-107.73,825
BAD LAKE IHD 102,SK,404037Q,51.32,-108.42,637
KINDERSLEY A,SK,4043901,51.52,-109.18,693
NORTH BATTLEFORD RCS,SK,4045607,52.77,-108.27,548
SCOTT CDA,SK,4047240,52.37,-108.83,659
MELFORT,SK,4055079,52.82,-104.6,490
OUTLOOK PFRA,SK,4055736,51.48,-107.05,541
PRINCE ALBERT A,SK,4056240,53.22,-105.67,428
SASKATOON RCS,SK,4057165,52.17,-106.72,504
SASKATOON U OF S,SK,4057200,52.13,-106.63,515
SASKATOON WATER TP,SK,4057202,52.12,-106.68,483
BUFFALO NARROWS (AUT),SK,4060983,55.83,-108.42,440
CLUFF LAKE,SK,4061590,58.37,-109.52,330
COLLINS BAY,SK,4061630,58.18,-103.7,491
CREE LAKE,SK,4061861,57.35,-107.13,494
ISLAND FALLS,SK,4063560,55.53,-102.35,299
LA RONGE A,SK,4064150,55.15,-105.27,379
MEADOW LAKE A,SK,4065058,54.13,-108.52,480
STONY RAPIDS A,SK,4067PR5,59.25,-105.83,245
URANIUM CITY A,SK,4068340,59.57,-108.48,318
WASKESIU LAKE,SK,4068559,53.92,-106.07,569
NIPAWIN A,SK,4075518,53.33,-104.0,371
HUDSON BAY A,SK,4083321,52.82,-102.32,358
BURWASH A,YT,2100182,61.37,-139.05,806
CARMACKS,YT,2100300,62.1,-136.3,524
DAWSON A,YT,2100402,64.03,-139.13,370
HAINES JUNCTION,YT,2100630,60.77,-137.58,595
MAYO A,YT,2100700,63.62,-135.87,503
PELLY RANCH,YT,2100880,62.83,-137.32,445
TESLIN (AUT),YT,2101102,60.17,-132.73,705
WATSON LAKE A,YT,2101200,60.12,-128.82,687
WHITEHORSE AUTO,YT,2101310,60.73,-135.1,707
